"app/code/Magento/Authorizenet/Controller/Directpost/Payment/Place.php"|"121"|"checkout_directpost_placeOrder"|"$this->eventManager->dispatch(
    'checkout_directpost_placeOrder',
    [
        'result' => $result,
        'action' => $this
    ]);"
"app/code/Magento/Backend/Block/System/Store/Edit/AbstractForm.php"|"62"|"adminhtml_store_edit_form_prepare_form"|"$this->_eventManager->dispatch('adminhtml_store_edit_form_prepare_form', ['block' => $this]);"
"app/code/Magento/Backend/Block/Template.php"|"103"|"adminhtml_block_html_before"|"$this->_eventManager->dispatch('adminhtml_block_html_before', ['block' => $this]);"
"app/code/Magento/Backend/Block/Widget/Grid.php"|"394"|"backend_block_widget_grid_prepare_grid_before"|"$this->_eventManager->dispatch(
    'backend_block_widget_grid_prepare_grid_before',
    ['grid' => $this, 'collection' => $this->getCollection()]);"
"app/code/Magento/Backend/Console/Command/CacheCleanCommand.php"|"32"|"adminhtml_cache_flush_system"|"$this->eventManager->dispatch('adminhtml_cache_flush_system');"
"app/code/Magento/Backend/Console/Command/CacheFlushCommand.php"|"32"|"adminhtml_cache_flush_all"|"$this->eventManager->dispatch('adminhtml_cache_flush_all');"
"app/code/Magento/Backend/Controller/Adminhtml/Cache/CleanImages.php"|"23"|"clean_catalog_images_cache_after"|"$this->_eventManager->dispatch('clean_catalog_images_cache_after');"
"app/code/Magento/Backend/Controller/Adminhtml/Cache/CleanMedia.php"|"23"|"clean_media_cache_after"|"$this->_eventManager->dispatch('clean_media_cache_after');"
"app/code/Magento/Backend/Controller/Adminhtml/Cache/CleanStaticFiles.php"|"21"|"clean_static_files_cache_after"|"$this->_eventManager->dispatch('clean_static_files_cache_after');"
"app/code/Magento/Backend/Controller/Adminhtml/Cache/FlushAll.php"|"18"|"adminhtml_cache_flush_all"|"$this->_eventManager->dispatch('adminhtml_cache_flush_all');"
"app/code/Magento/Backend/Controller/Adminhtml/Cache/FlushSystem.php"|"22"|"adminhtml_cache_flush_system"|"$this->_eventManager->dispatch('adminhtml_cache_flush_system');"
"app/code/Magento/Backend/Controller/Adminhtml/System/Design/Save.php"|"52"|"theme_save_after"|"$this->_eventManager->dispatch('theme_save_after');"
"app/code/Magento/Backend/Controller/Adminhtml/System/Store/DeleteStorePost.php"|"40"|"store_delete"|"$this->_eventManager->dispatch('store_delete', ['store' => $model]);"
"app/code/Magento/Backend/Controller/Adminhtml/System/Store/Save.php"|"56"|"store_group_save"|"$this->_eventManager->dispatch('store_group_save', ['group' => $groupModel]);"
"app/code/Magento/Backend/Controller/Adminhtml/System/Store/Save.php"|"83"|"NO_MATCH"|"$this->_eventManager->dispatch($eventName, ['store' => $storeModel]);"
"app/code/Magento/Backend/Model/Auth.php"|"158"|"backend_auth_user_login_success"|"$this->_eventManager->dispatch(
    'backend_auth_user_login_success',
    ['user' => $this->getCredentialStorage()]);"
"app/code/Magento/Backend/Model/Auth.php"|"168"|"backend_auth_user_login_failed"|"$this->_eventManager->dispatch(
    'backend_auth_user_login_failed',
    ['user_name' => $username, 'exception' => $e]);"
"app/code/Magento/Backend/Model/Auth.php"|"174"|"backend_auth_user_login_failed"|"$this->_eventManager->dispatch(
    'backend_auth_user_login_failed',
    ['user_name' => $username, 'exception' => $e]);"
"app/code/Magento/Bundle/Block/Catalog/Product/View/Type/Bundle.php"|"164"|"catalog_product_option_price_configuration_after"|"$this->_eventManager->dispatch('catalog_product_option_price_configuration_after', ['configObj' => $configObj]);"
"app/code/Magento/Bundle/Model/Product/Price.php"|"125"|"prepare_catalog_product_collection_prices"|"$this->_eventManager->dispatch(
    'prepare_catalog_product_collection_prices',
    ['collection' => $selections, 'store_id' => $product->getStoreId()]);"
"app/code/Magento/Bundle/Model/Product/Price.php"|"180"|"catalog_product_get_final_price"|"$this->_eventManager->dispatch('catalog_product_get_final_price', ['product' => $product, 'qty' => $qty]);"
"app/code/Magento/Bundle/Model/Product/Price.php"|"447"|"catalog_product_get_final_price"|"$this->_eventManager->dispatch(
    'catalog_product_get_final_price',
    ['product' => $product, 'qty' => $bundleQty]);"
"app/code/Magento/Bundle/Model/ResourceModel/Indexer/Price.php"|"241"|"catalog_product_prepare_index_select"|"$this->_eventManager->dispatch(
    'catalog_product_prepare_index_select',
    [
'select' => $select,
'entity_field' => new \Zend_Db_Expr('e.entity_id'),
'website_field' => new \Zend_Db_Expr('cw.website_id'),
'store_field' => new \Zend_Db_Expr('cs.store_id')
    ]);"
"app/code/Magento/Bundle/Pricing/Price/BundleSelectionPrice.php"|"120"|"catalog_product_get_final_price"|"$this->eventManager->dispatch(
    'catalog_product_get_final_price',
    ['product' => $product, 'qty' => $this->bundleProduct->getQty()]);"
"app/code/Magento/Catalog/Block/Adminhtml/Category/Tab/Attributes.php"|"112"|"adminhtml_catalog_category_edit_prepare_form"|"$this->_eventManager->dispatch('adminhtml_catalog_category_edit_prepare_form', ['form' => $form]);"
"app/code/Magento/Catalog/Block/Adminhtml/Category/Tabs.php"|"180"|"adminhtml_catalog_category_tabs"|"$this->_eventManager->dispatch('adminhtml_catalog_category_tabs', ['tabs' => $this]);"
"app/code/Magento/Catalog/Block/Adminhtml/Category/Tree.php"|"391"|"adminhtml_catalog_category_tree_is_moveable"|"$this->_eventManager->dispatch('adminhtml_catalog_category_tree_is_moveable', ['options' => $options]);"
"app/code/Magento/Catalog/Block/Adminhtml/Category/Tree.php"|"430"|"adminhtml_catalog_category_tree_can_add_root_category"|"$this->_eventManager->dispatch(
    'adminhtml_catalog_category_tree_can_add_root_category',
    ['category' => $this->getCategory(), 'options' => $options, 'store' => $this->getStore()->getId()]);"
"app/code/Magento/Catalog/Block/Adminhtml/Category/Tree.php"|"446"|"adminhtml_catalog_category_tree_can_add_sub_category"|"$this->_eventManager->dispatch(
    'adminhtml_catalog_category_tree_can_add_sub_category',
    ['category' => $this->getCategory(), 'options' => $options, 'store' => $this->getStore()->getId()]);"
"app/code/Magento/Catalog/Block/Adminhtml/Product/Attribute/Edit/Tab/Advanced.php"|"239"|"product_attribute_form_build"|"$this->_eventManager->dispatch('product_attribute_form_build', ['form' => $form]);"
"app/code/Magento/Catalog/Block/Adminhtml/Product/Attribute/Edit/Tab/Front.php"|"111"|"product_attribute_form_build_front_tab"|"$this->_eventManager->dispatch('product_attribute_form_build_front_tab', ['form' => $form]);"
"app/code/Magento/Catalog/Block/Adminhtml/Product/Attribute/Edit/Tab/Front.php"|"184"|"adminhtml_catalog_product_attribute_edit_frontend_prepare_form"|"$this->_eventManager->dispatch(
    'adminhtml_catalog_product_attribute_edit_frontend_prepare_form',
    ['form' => $form, 'attribute' => $attributeObject]);"
"app/code/Magento/Catalog/Block/Adminhtml/Product/Attribute/Edit/Tab/Main.php"|"63"|"adminhtml_product_attribute_types"|"$this->_eventManager->dispatch('adminhtml_product_attribute_types', ['response' => $response]);"
"app/code/Magento/Catalog/Block/Adminhtml/Product/Attribute/Edit/Tab/Main.php"|"73"|"product_attribute_form_build_main_tab"|"$this->_eventManager->dispatch('product_attribute_form_build_main_tab', ['form' => $form]);"
"app/code/Magento/Catalog/Block/Adminhtml/Product/Attribute/Grid.php"|"108"|"product_attribute_grid_build"|"$this->_eventManager->dispatch('product_attribute_grid_build', ['grid' => $this]);"
"app/code/Magento/Catalog/Block/Adminhtml/Product/Attribute/NewAttribute/Product/Attributes.php"|"52"|"adminhtml_catalog_product_edit_prepare_form"|"$this->_eventManager->dispatch('adminhtml_catalog_product_edit_prepare_form', ['form' => $form]);"
"app/code/Magento/Catalog/Block/Adminhtml/Product/Attribute/NewAttribute/Product/Attributes.php"|"71"|"adminhtml_catalog_product_edit_element_types"|"$this->_eventManager->dispatch('adminhtml_catalog_product_edit_element_types', ['response' => $response]);"
"app/code/Magento/Catalog/Block/Adminhtml/Product/Attribute/Set/Main.php"|"370"|"adminhtml_catalog_product_attribute_set_main_html_before"|"$this->_eventManager->dispatch(
    'adminhtml_catalog_product_attribute_set_main_html_before',
    ['block' => $this]);"
"app/code/Magento/Catalog/Block/Adminhtml/Product/Attribute/Set/Toolbar/Main.php"|"59"|"adminhtml_catalog_product_attribute_set_toolbar_main_html_before"|"$this->_eventManager->dispatch(
    'adminhtml_catalog_product_attribute_set_toolbar_main_html_before',
    ['block' => $this]);"
"app/code/Magento/Catalog/Block/Adminhtml/Product/Edit/Action/Attribute/Tab/Attributes.php"|"79"|"adminhtml_catalog_product_form_prepare_excluded_field_list"|"$this->_eventManager->dispatch(
    'adminhtml_catalog_product_form_prepare_excluded_field_list',
    ['object' => $this]);"
"app/code/Magento/Catalog/Block/Adminhtml/Product/Edit/Tab/Attributes/Create.php"|"93"|"adminhtml_catalog_product_edit_tab_attributes_create_html_before"|"$this->_eventManager->dispatch(
    'adminhtml_catalog_product_edit_tab_attributes_create_html_before',
    ['block' => $this]);"
"app/code/Magento/Catalog/Block/Adminhtml/Product/Edit/Tab/Attributes.php"|"124"|"adminhtml_catalog_product_edit_prepare_form"|"$this->_eventManager->dispatch(
    'adminhtml_catalog_product_edit_prepare_form',
    ['form' => $form, 'layout' => $this->getLayout()]);"
"app/code/Magento/Catalog/Block/Adminhtml/Product/Edit/Tab/Attributes.php"|"151"|"adminhtml_catalog_product_edit_element_types"|"$this->_eventManager->dispatch('adminhtml_catalog_product_edit_element_types', ['response' => $response]);"
"app/code/Magento/Catalog/Block/Adminhtml/Product/Grid.php"|"424"|"adminhtml_catalog_product_grid_prepare_massaction"|"$this->_eventManager->dispatch('adminhtml_catalog_product_grid_prepare_massaction', ['block' => $this]);"
"app/code/Magento/Catalog/Block/Adminhtml/Product/Helper/Form/Gallery/Content.php"|"73"|"catalog_product_gallery_prepare_layout"|"$this->_eventManager->dispatch('catalog_product_gallery_prepare_layout', ['block' => $this]);"
"app/code/Magento/Catalog/Block/Product/AbstractProduct.php"|"377"|"catalog_block_product_status_display"|"$this->_eventManager->dispatch('catalog_block_product_status_display', ['status' => $statusInfo]);"
"app/code/Magento/Catalog/Block/Product/ListProduct.php"|"200"|"catalog_block_product_list_collection"|"$this->_eventManager->dispatch(
    'catalog_block_product_list_collection',
    ['collection' => $this->_getProductCollection()]);"
"app/code/Magento/Catalog/Block/Product/ProductList/Upsell.php"|"111"|"catalog_product_upsell"|"$this->_eventManager->dispatch(
    'catalog_product_upsell',
    ['product' => $product, 'collection' => $this->_itemCollection, 'limit' => null]);"
"app/code/Magento/Catalog/Block/Product/View/Options.php"|"232"|"catalog_product_option_price_configuration_after"|"$this->_eventManager->dispatch('catalog_product_option_price_configuration_after', ['configObj' => $configObj]);"
"app/code/Magento/Catalog/Block/Product/View.php"|"263"|"catalog_product_view_config"|"$this->_eventManager->dispatch('catalog_product_view_config', ['response_object' => $responseObject]);"
"app/code/Magento/Catalog/Block/Rss/Category.php"|"125"|"rss_catalog_category_xml_callback"|"$this->_eventManager->dispatch('rss_catalog_category_xml_callback', ['product' => $product]);"
"app/code/Magento/Catalog/Block/Rss/Product/NewProducts.php"|"100"|"rss_catalog_new_xml_callback"|"$this->_eventManager->dispatch('rss_catalog_new_xml_callback', [
    'row' => $item->getData(),
    'product' => $item
]);"
"app/code/Magento/Catalog/Block/Rss/Product/Special.php"|"135"|"rss_catalog_special_xml_callback"|"$this->_eventManager->dispatch('rss_catalog_special_xml_callback', [
    'row' => $item->getData(),
    'product' => $item
]);"
"app/code/Magento/Catalog/Block/ShortcutButtons.php"|"72"|"shortcut_buttons_container"|"$this->_eventManager->dispatch(
    'shortcut_buttons_container',
    [
'container' => $this,
'is_catalog_product' => $this->_isCatalogProduct,
'or_position' => $this->_orPosition
    ]);"
"app/code/Magento/Catalog/Controller/Adminhtml/Category/Delete.php"|"42"|"catalog_controller_category_delete"|"$this->_eventManager->dispatch('catalog_controller_category_delete', ['category' => $category]);"
"app/code/Magento/Catalog/Controller/Adminhtml/Category/Edit.php"|"103"|"category_prepare_ajax_response"|"$this->_eventManager->dispatch(
    'category_prepare_ajax_response',
    ['response' => $eventResponse, 'controller' => $this]);"
"app/code/Magento/Catalog/Controller/Adminhtml/Category/Save.php"|"126"|"catalog_category_prepare_save"|"$this->_eventManager->dispatch(
    'catalog_category_prepare_save',
    ['category' => $category, 'request' => $this->getRequest()]);"
"app/code/Magento/Catalog/Controller/Adminhtml/Product/Action/Attribute/Save.php"|"192"|"catalog_product_to_website_change"|"$this->_eventManager->dispatch('catalog_product_to_website_change', ['products' => $productIds]);"
"app/code/Magento/Catalog/Controller/Adminhtml/Product/Edit.php"|"54"|"catalog_product_edit_action"|"$this->_eventManager->dispatch('catalog_product_edit_action', ['product' => $product]);"
"app/code/Magento/Catalog/Controller/Adminhtml/Product/Gallery/Upload.php"|"60"|"catalog_product_gallery_upload_image_after"|"$this->_eventManager->dispatch(
    'catalog_product_gallery_upload_image_after',
    ['result' => $result, 'action' => $this]);"
"app/code/Magento/Catalog/Controller/Adminhtml/Product/NewAction.php"|"75"|"catalog_product_new_action"|"$this->_eventManager->dispatch('catalog_product_new_action', ['product' => $product]);"
"app/code/Magento/Catalog/Controller/Adminhtml/Product/Save.php"|"114"|"controller_action_catalog_product_save_entity_after"|"$this->_eventManager->dispatch(
    'controller_action_catalog_product_save_entity_after',
    ['controller' => $this]);"
"app/code/Magento/Catalog/Controller/Category/View.php"|"134"|"catalog_controller_category_init_after"|"$this->_eventManager->dispatch(
    'catalog_controller_category_init_after',
    ['category' => $category, 'controller_action' => $this]);"
"app/code/Magento/Catalog/Controller/Product/Compare/Add.php"|"38"|"catalog_product_compare_add_product"|"$this->_eventManager->dispatch('catalog_product_compare_add_product', ['product' => $product]);"
"app/code/Magento/Catalog/Controller/Product/Compare/Remove.php"|"50"|"catalog_product_compare_remove_product"|"$this->_eventManager->dispatch(
    'catalog_product_compare_remove_product',
    ['product' => $item]);"
"app/code/Magento/Catalog/Helper/Product/View.php"|"210"|"catalog_controller_product_view"|"$this->_eventManager->dispatch('catalog_controller_product_view', ['product' => $product]);"
"app/code/Magento/Catalog/Helper/Product.php"|"407"|"catalog_controller_product_init_before"|"$this->_eventManager->dispatch(
    'catalog_controller_product_init_before',
    ['controller_action' => $controller, 'params' => $params]);"
"app/code/Magento/Catalog/Helper/Product.php"|"457"|"catalog_controller_product_init_after"|"$this->_eventManager->dispatch(
    'catalog_controller_product_init_after',
    ['product' => $product, 'controller_action' => $controller]);"
"app/code/Magento/Catalog/Model/Category.php"|"421"|"_move_before"|"$this->_eventManager->dispatch($this->_eventPrefix . '_move_before', $eventParams);"
"app/code/Magento/Catalog/Model/Category.php"|"423"|"_move_after"|"$this->_eventManager->dispatch($this->_eventPrefix . '_move_after', $eventParams);"
"app/code/Magento/Catalog/Model/Category.php"|"432"|"category_move"|"$this->_eventManager->dispatch('category_move', $eventParams);"
"app/code/Magento/Catalog/Model/Product/Action.php"|"97"|"catalog_product_attribute_update_before"|"$this->_eventManager->dispatch(
    'catalog_product_attribute_update_before',
    ['attributes_data' => &$attrData, 'product_ids' => &$productIds, 'store_id' => &$storeId]);"
"app/code/Magento/Catalog/Model/Product/Attribute/Source/Inputtype.php"|"55"|"adminhtml_product_attribute_types"|"$this->_eventManager->dispatch('adminhtml_product_attribute_types', ['response' => $response]);"
"app/code/Magento/Catalog/Model/Product/Type/AbstractType.php"|"584"|"NO_MATCH"|"$this->_eventManager->dispatch(
    $eventName,
    ['transport' => $transport, 'buy_request' => $buyRequest, 'product' => $product]);"
"app/code/Magento/Catalog/Model/Product/Type/Price.php"|"163"|"catalog_product_get_final_price"|"$this->_eventManager->dispatch('catalog_product_get_final_price', ['product' => $product, 'qty' => $qty]);"
"app/code/Magento/Catalog/Model/Product.php"|"521"|"_validate_before"|"$this->_eventManager->dispatch($this->_eventPrefix . '_validate_before', $this->_getEventData());"
"app/code/Magento/Catalog/Model/Product.php"|"523"|"_validate_after"|"$this->_eventManager->dispatch($this->_eventPrefix . '_validate_after', $this->_getEventData());"
"app/code/Magento/Catalog/Model/Product.php"|"1650"|"catalog_product_is_salable_before"|"$this->_eventManager->dispatch('catalog_product_is_salable_before', ['product' => $this]);"
"app/code/Magento/Catalog/Model/Product.php"|"1655"|"catalog_product_is_salable_after"|"$this->_eventManager->dispatch(
    'catalog_product_is_salable_after',
    ['product' => $this, 'salable' => $object]);"
"app/code/Magento/Catalog/Model/ResourceModel/Category/Collection.php"|"116"|"_load_before"|"$this->_eventManager->dispatch($this->_eventPrefix . '_load_before', [$this->_eventObject => $this]);"
"app/code/Magento/Catalog/Model/ResourceModel/Category/Collection.php"|"127"|"_load_after"|"$this->_eventManager->dispatch($this->_eventPrefix . '_load_after', [$this->_eventObject => $this]);"
"app/code/Magento/Catalog/Model/ResourceModel/Category/Collection.php"|"330"|"_add_is_active_filter"|"$this->_eventManager->dispatch(
    $this->_eventPrefix . '_add_is_active_filter',
    [$this->_eventObject => $this]);"
"app/code/Magento/Catalog/Model/ResourceModel/Category/Flat/Collection.php"|"130"|"_load_before"|"$this->_eventManager->dispatch($this->_eventPrefix . '_load_before', [$this->_eventObject => $this]);"
"app/code/Magento/Catalog/Model/ResourceModel/Category/Flat/Collection.php"|"141"|"_load_after"|"$this->_eventManager->dispatch($this->_eventPrefix . '_load_after', [$this->_eventObject => $this]);"
"app/code/Magento/Catalog/Model/ResourceModel/Category/Flat/Collection.php"|"216"|"_add_is_active_filter"|"$this->_eventManager->dispatch(
    $this->_eventPrefix . '_add_is_active_filter',
    [$this->_eventObject => $this]);"
"app/code/Magento/Catalog/Model/ResourceModel/Category/Flat.php"|"201"|"catalog_category_tree_init_inactive_category_ids"|"$this->_eventManager->dispatch('catalog_category_tree_init_inactive_category_ids', ['tree' => $this]);"
"app/code/Magento/Catalog/Model/ResourceModel/Category/Flat.php"|"290"|"catalog_category_flat_loadnodes_before"|"$this->_eventManager->dispatch('catalog_category_flat_loadnodes_before', ['select' => $select]);"
"app/code/Magento/Catalog/Model/ResourceModel/Category/Tree.php"|"246"|"catalog_category_tree_init_inactive_category_ids"|"$this->_eventManager->dispatch('catalog_category_tree_init_inactive_category_ids', ['tree' => $this]);"
"app/code/Magento/Catalog/Model/ResourceModel/Category.php"|"415"|"catalog_category_change_products"|"$this->_eventManager->dispatch(
    'catalog_category_change_products',
    ['category' => $category, 'product_ids' => $productIds]);"
"app/code/Magento/Catalog/Model/ResourceModel/Product/Collection.php"|"363"|"catalog_prepare_price_select"|"$this->_eventManager->dispatch('catalog_prepare_price_select', $eventArgs);"
"app/code/Magento/Catalog/Model/ResourceModel/Product/Collection.php"|"628"|"catalog_product_collection_load_after"|"$this->_eventManager->dispatch('catalog_product_collection_load_after', ['collection' => $this]);"
"app/code/Magento/Catalog/Model/ResourceModel/Product/Collection.php"|"1209"|"catalog_product_collection_before_add_count_to_categories"|"$this->_eventManager->dispatch(
    'catalog_product_collection_before_add_count_to_categories',
    ['collection' => $this]);"
"app/code/Magento/Catalog/Model/ResourceModel/Product/Collection.php"|"1965"|"catalog_product_collection_apply_limitations_after"|"$this->_eventManager->dispatch(
    'catalog_product_collection_apply_limitations_after',
    ['collection' => $this]);"
"app/code/Magento/Catalog/Model/ResourceModel/Product/Compare/Item/Collection.php"|"393"|"catalog_product_compare_item_collection_clear"|"$this->_eventManager->dispatch('catalog_product_compare_item_collection_clear');"
"app/code/Magento/Catalog/Model/ResourceModel/Product/Indexer/Eav/AbstractEav.php"|"207"|"prepare_catalog_product_index_select"|"$this->_eventManager->dispatch(
    'prepare_catalog_product_index_select',
    [
'select' => $select,
'entity_field' => new \Zend_Db_Expr('l.parent_id'),
'website_field' => new \Zend_Db_Expr('cs.website_id'),
'store_field' => new \Zend_Db_Expr('cs.store_id')
    ]);"
"app/code/Magento/Catalog/Model/ResourceModel/Product/Indexer/Eav/Decimal.php"|"85"|"prepare_catalog_product_index_select"|"$this->_eventManager->dispatch(
    'prepare_catalog_product_index_select',
    [
'select' => $select,
'entity_field' => new \Zend_Db_Expr('pdd.entity_id'),
'website_field' => new \Zend_Db_Expr('cs.website_id'),
'store_field' => new \Zend_Db_Expr('cs.store_id')
    ]);"
"app/code/Magento/Catalog/Model/ResourceModel/Product/Indexer/Eav/Source.php"|"182"|"prepare_catalog_product_index_select"|"$this->_eventManager->dispatch(
    'prepare_catalog_product_index_select',
    [
'select' => $select,
'entity_field' => new \Zend_Db_Expr('pid.entity_id'),
'website_field' => new \Zend_Db_Expr('pid.website_id'),
'store_field' => new \Zend_Db_Expr('pid.store_id')
    ]);"
"app/code/Magento/Catalog/Model/ResourceModel/Product/Indexer/Eav/Source.php"|"267"|"prepare_catalog_product_index_select"|"$this->_eventManager->dispatch(
    'prepare_catalog_product_index_select',
    [
'select' => $select,
'entity_field' => new \Zend_Db_Expr('pvd.entity_id'),
'website_field' => new \Zend_Db_Expr('cs.website_id'),
'store_field' => new \Zend_Db_Expr('cs.store_id')
    ]);"
"app/code/Magento/Catalog/Model/ResourceModel/Product/Indexer/Price/DefaultPrice.php"|"333"|"prepare_catalog_product_index_select"|"$this->_eventManager->dispatch(
    'prepare_catalog_product_index_select',
    [
'select' => $select,
'entity_field' => new \Zend_Db_Expr('e.entity_id'),
'website_field' => new \Zend_Db_Expr('cw.website_id'),
'store_field' => new \Zend_Db_Expr('cs.store_id')
    ]);"
"app/code/Magento/Catalog/Model/ResourceModel/Product.php"|"291"|"catalog_product_delete_after_done"|"$this->eventManager->dispatch(
    'catalog_product_delete_after_done',
    ['product' => $object]);"
"app/code/Magento/Catalog/Model/Rss/Product/NotifyStock.php"|"73"|"rss_catalog_notify_stock_collection_select"|"$this->eventManager->dispatch(
    'rss_catalog_notify_stock_collection_select',
    ['collection' => $collection]);"
"app/code/Magento/Catalog/Plugin/Model/Product/Action/UpdateAttributesFlushCache.php"|"57"|"clean_cache_by_tags"|"$this->eventManager->dispatch('clean_cache_by_tags', ['object' => $this->cacheContext]);"
"app/code/Magento/CatalogImportExport/Model/Import/Product.php"|"870"|"catalog_product_import_bunch_delete_after"|"$this->_eventManager->dispatch('catalog_product_import_bunch_delete_after', ['adapter' => $this, 'bunch' => $bunch]);"
"app/code/Magento/CatalogImportExport/Model/Import/Product.php"|"894"|"catalog_product_import_finish_before"|"$this->_eventManager->dispatch('catalog_product_import_finish_before', ['adapter' => $this]);"
"app/code/Magento/CatalogImportExport/Model/Import/Product.php"|"1653"|"catalog_product_import_bunch_save_after"|"$this->_eventManager->dispatch(
    'catalog_product_import_bunch_save_after',
    ['adapter' => $this, 'bunch' => $bunch]);"
"app/code/Magento/CatalogInventory/Model/Indexer/Stock/AbstractAction.php"|"259"|"clean_cache_by_tags"|"$this->eventManager->dispatch('clean_cache_by_tags', ['object' => $this->cacheContext]);"
"app/code/Magento/CatalogRule/Block/Adminhtml/Promo/Catalog/Edit/Tab/Main.php"|"231"|"adminhtml_promo_catalog_edit_tab_main_prepare_form"|"$this->_eventManager->dispatch('adminhtml_promo_catalog_edit_tab_main_prepare_form', ['form' => $form]);"
"app/code/Magento/CatalogRule/Controller/Adminhtml/Promo/Catalog/Save.php"|"23"|"adminhtml_controller_catalogrule_prepare_save"|"$this->_eventManager->dispatch(
    'adminhtml_controller_catalogrule_prepare_save',
    ['request' => $this->getRequest()]);"
"app/code/Magento/CatalogRule/Model/Indexer/AbstractIndexer.php"|"57"|"clean_cache_by_tags"|"$this->_eventManager->dispatch('clean_cache_by_tags', ['object' => $this]);"
"app/code/Magento/CatalogSearch/Model/Indexer/Fulltext/Action/DataProvider.php"|"199"|"catelogsearch_searchable_attributes_load_after"|"$this->eventManager->dispatch(
    'catelogsearch_searchable_attributes_load_after',
    ['engine' => $this->engine, 'attributes' => $attributes]);"
"app/code/Magento/CatalogSearch/Model/Indexer/Fulltext/Action/Full.php"|"350"|"catelogsearch_searchable_attributes_load_after"|"$this->eventManager->dispatch(
    'catelogsearch_searchable_attributes_load_after',
    ['engine' => $this->engine, 'attributes' => $attributes]);"
"app/code/Magento/CatalogSearch/Model/ResourceModel/Fulltext.php"|"53"|"catalogsearch_reset_search_result"|"$this->_eventManager->dispatch('catalogsearch_reset_search_result');"
"app/code/Magento/Checkout/Block/QuoteShortcutButtons.php"|"39"|"shortcut_buttons_container"|"$this->_eventManager->dispatch(
    'shortcut_buttons_container',
    [
'container' => $this,
'is_catalog_product' => $this->_isCatalogProduct,
'or_position' => $this->_orPosition,
'checkout_session' => $this->_checkoutSession
    ]);"
"app/code/Magento/Checkout/Controller/Cart/Add.php"|"113"|"checkout_cart_add_product_complete"|"$this->_eventManager->dispatch(
    'checkout_cart_add_product_complete',
    ['product' => $product, 'request' => $this->getRequest(), 'response' => $this->getResponse()]);"
"app/code/Magento/Checkout/Controller/Cart/UpdateItemOptions.php"|"54"|"checkout_cart_update_item_complete"|"$this->_eventManager->dispatch(
    'checkout_cart_update_item_complete',
    ['item' => $item, 'request' => $this->getRequest(), 'response' => $this->getResponse()]);"
"app/code/Magento/Checkout/Controller/Onepage/SaveOrder.php"|"123"|"checkout_controller_onepage_saveOrder"|"$this->_eventManager->dispatch(
    'checkout_controller_onepage_saveOrder',
    [
'result' => $result,
'action' => $this
    ]);"
"app/code/Magento/Checkout/Controller/Onepage/Success.php"|"25"|"checkout_onepage_controller_success_action"|"$this->_eventManager->dispatch(
    'checkout_onepage_controller_success_action',
    ['order_ids' => [$session->getLastOrderId()]]);"
"app/code/Magento/Checkout/Helper/Data.php"|"368"|"checkout_allow_guest"|"$this->_eventManager->dispatch(
    'checkout_allow_guest',
    ['quote' => $quote, 'store' => $store, 'result' => $result]);"
"app/code/Magento/Checkout/Model/Cart.php"|"389"|"checkout_cart_product_add_after"|"$this->_eventManager->dispatch(
    'checkout_cart_product_add_after',
    ['quote_item' => $result, 'product' => $product]);"
"app/code/Magento/Checkout/Model/Cart.php"|"489"|"checkout_cart_update_items_before"|"$this->_eventManager->dispatch(
    'checkout_cart_update_items_before',
    ['cart' => $this, 'info' => $infoDataObject]);"
"app/code/Magento/Checkout/Model/Cart.php"|"530"|"checkout_cart_update_items_after"|"$this->_eventManager->dispatch(
    'checkout_cart_update_items_after',
    ['cart' => $this, 'info' => $infoDataObject]);"
"app/code/Magento/Checkout/Model/Cart.php"|"558"|"checkout_cart_save_before"|"$this->_eventManager->dispatch('checkout_cart_save_before', ['cart' => $this]);"
"app/code/Magento/Checkout/Model/Cart.php"|"568"|"checkout_cart_save_after"|"$this->_eventManager->dispatch('checkout_cart_save_after', ['cart' => $this]);"
"app/code/Magento/Checkout/Model/Cart.php"|"716"|"checkout_cart_product_update_after"|"$this->_eventManager->dispatch(
    'checkout_cart_product_update_after',
    ['quote_item' => $result, 'product' => $product]);"
"app/code/Magento/Checkout/Model/Session.php"|"209"|"custom_quote_process"|"$this->_eventManager->dispatch('custom_quote_process', ['checkout_session' => $this]);"
"app/code/Magento/Checkout/Model/Session.php"|"252"|"checkout_quote_init"|"$this->_eventManager->dispatch('checkout_quote_init', ['quote' => $quote]);"
"app/code/Magento/Checkout/Model/Session.php"|"325"|"load_customer_quote_before"|"$this->_eventManager->dispatch('load_customer_quote_before', ['checkout_session' => $this]);"
"app/code/Magento/Checkout/Model/Session.php"|"415"|"checkout_quote_destroy"|"$this->_eventManager->dispatch('checkout_quote_destroy', ['quote' => $this->getQuote()]);"
"app/code/Magento/Checkout/Model/Session.php"|"498"|"restore_quote"|"$this->_eventManager->dispatch('restore_quote', ['order' => $order, 'quote' => $quote]);"
"app/code/Magento/Checkout/Model/Type/Onepage.php"|"717"|"checkout_type_onepage_save_order_after"|"$this->_eventManager->dispatch(
    'checkout_type_onepage_save_order_after',
    ['order' => $order, 'quote' => $this->getQuote()]);"
"app/code/Magento/Checkout/Model/Type/Onepage.php"|"745"|"checkout_submit_all_after"|"$this->_eventManager->dispatch(
    'checkout_submit_all_after',
    [
'order' => $order,
'quote' => $this->getQuote()
    ]);"
"app/code/Magento/Cms/Block/Adminhtml/Page/Edit/Tab/Content.php"|"99"|"adminhtml_cms_page_edit_tab_content_prepare_form"|"$this->_eventManager->dispatch('adminhtml_cms_page_edit_tab_content_prepare_form', ['form' => $form]);"
"app/code/Magento/Cms/Block/Adminhtml/Page/Edit/Tab/Design.php"|"180"|"adminhtml_cms_page_edit_tab_design_prepare_form"|"$this->_eventManager->dispatch('adminhtml_cms_page_edit_tab_design_prepare_form', ['form' => $form]);"
"app/code/Magento/Cms/Block/Adminhtml/Page/Edit/Tab/Main.php"|"137"|"adminhtml_cms_page_edit_tab_main_prepare_form"|"$this->_eventManager->dispatch('adminhtml_cms_page_edit_tab_main_prepare_form', ['form' => $form]);"
"app/code/Magento/Cms/Block/Adminhtml/Page/Edit/Tab/Meta.php"|"65"|"adminhtml_cms_page_edit_tab_meta_prepare_form"|"$this->_eventManager->dispatch('adminhtml_cms_page_edit_tab_meta_prepare_form', ['form' => $form]);"
"app/code/Magento/Cms/Controller/Adminhtml/Page/Delete.php"|"41"|"adminhtml_cmspage_on_delete"|"$this->_eventManager->dispatch(
    'adminhtml_cmspage_on_delete',
    ['title' => $title, 'status' => 'success']);"
"app/code/Magento/Cms/Controller/Adminhtml/Page/Delete.php"|"47"|"adminhtml_cmspage_on_delete"|"$this->_eventManager->dispatch(
    'adminhtml_cmspage_on_delete',
    ['title' => $title, 'status' => 'fail']);"
"app/code/Magento/Cms/Controller/Adminhtml/Page/Save.php"|"57"|"cms_page_prepare_save"|"$this->_eventManager->dispatch(
    'cms_page_prepare_save',
    ['page' => $model, 'request' => $this->getRequest()]);"
"app/code/Magento/Cms/Controller/Router.php"|"97"|"cms_controller_router_match_before"|"$this->_eventManager->dispatch(
    'cms_controller_router_match_before',
    ['router' => $this, 'condition' => $condition]);"
"app/code/Magento/Cms/Helper/Page.php"|"157"|"cms_page_render"|"$this->_eventManager->dispatch(
    'cms_page_render',
    ['page' => $this->_page, 'controller_action' => $action]);"
"app/code/Magento/Cms/Helper/Wysiwyg/Images.php"|"153"|"cms_wysiwyg_images_static_urls_allowed"|"$this->_eventManager->dispatch(
    'cms_wysiwyg_images_static_urls_allowed',
    ['result' => $checkResult, 'store_id' => $this->_storeId]);"
"app/code/Magento/Config/Block/System/Config/Form/Fieldset/Modules/DisableOutput.php"|"63"|"adminhtml_system_config_advanced_disableoutput_render_before"|"$this->_eventManager->dispatch(
    'adminhtml_system_config_advanced_disableoutput_render_before',
    ['modules' => $dispatchResult]);"
"app/code/Magento/Config/Model/Config.php"|"156"|"NO_MATCH"|"$this->_eventManager->dispatch(
    'admin_system_config_changed_section_{$this->getSection()}',
    ['website' => $this->getWebsite(), 'store' => $this->getStore()]);"
"app/code/Magento/ConfigurableProduct/Model/Product/Validator/Plugin.php"|"98"|"catalog_product_validate_variations_before"|"$this->eventManager->dispatch(
    'catalog_product_validate_variations_before',
    ['product' => $parentProduct, 'variations' => $products]);"
"app/code/Magento/Cookie/Controller/Index/NoCookies.php"|"19"|"controller_action_nocookies"|"$this->_eventManager->dispatch(
    'controller_action_nocookies',
    ['action' => $this, 'redirect' => $redirect]);"
"app/code/Magento/CurrencySymbol/Model/System/Currencysymbol.php"|"199"|"admin_system_config_changed_section_currency_before_reinit"|"$this->_eventManager->dispatch(
    'admin_system_config_changed_section_currency_before_reinit',
    ['website' => $this->_websiteId, 'store' => $this->_storeId]);"
"app/code/Magento/CurrencySymbol/Model/System/Currencysymbol.php"|"211"|"admin_system_config_changed_section_currency"|"$this->_eventManager->dispatch(
    'admin_system_config_changed_section_currency',
    ['website' => $this->_websiteId, 'store' => $this->_storeId]);"
"app/code/Magento/Customer/Block/Adminhtml/Edit/Tab/Carts.php"|"78"|"adminhtml_block_html_before"|"$this->_eventManager->dispatch('adminhtml_block_html_before', ['block' => $this]);"
"app/code/Magento/Customer/Controller/Account/CreatePost.php"|"239"|"customer_register_success"|"$this->_eventManager->dispatch(
    'customer_register_success',
    ['account_controller' => $this, 'customer' => $customer]);"
"app/code/Magento/Customer/Controller/Adminhtml/Index/Save.php"|"225"|"adminhtml_customer_prepare_save"|"$this->_eventManager->dispatch(
    'adminhtml_customer_prepare_save',
    ['customer' => $customer, 'request' => $request]);"
"app/code/Magento/Customer/Controller/Adminhtml/Index/Save.php"|"253"|"adminhtml_customer_save_after"|"$this->_eventManager->dispatch(
    'adminhtml_customer_save_after',
    ['customer' => $customer, 'request' => $request]);"
"app/code/Magento/Customer/Model/AccountManagement.php"|"382"|"customer_customer_authenticated"|"$this->eventManager->dispatch(
    'customer_customer_authenticated',
    ['model' => $customerModel, 'password' => $password]);"
"app/code/Magento/Customer/Model/AccountManagement.php"|"387"|"customer_data_object_login"|"$this->eventManager->dispatch('customer_data_object_login', ['customer' => $customer]);"
"app/code/Magento/Customer/Model/Address/AbstractAddress.php"|"475"|"customer_address_format"|"$this->_eventManager->dispatch('customer_address_format', ['type' => $formatType, 'address' => $this]);"
"app/code/Magento/Customer/Model/Customer.php"|"387"|"customer_customer_authenticated"|"$this->_eventManager->dispatch(
    'customer_customer_authenticated',
    ['model' => $this, 'password' => $password]);"
"app/code/Magento/Customer/Model/Customer.php"|"1006"|"customer_validate"|"$this->_eventManager->dispatch('customer_validate', ['customer' => $this, 'transport' => $transport]);"
"app/code/Magento/Customer/Model/ResourceModel/CustomerRepository.php"|"227"|"customer_save_after_data_object"|"$this->eventManager->dispatch(
    'customer_save_after_data_object',
    ['customer_data_object' => $savedCustomer, 'orig_customer_data_object' => $customer]);"
"app/code/Magento/Customer/Model/Session.php"|"177"|"customer_session_init"|"$this->_eventManager->dispatch('customer_session_init', ['customer_session' => $this]);"
"app/code/Magento/Customer/Model/Session.php"|"413"|"customer_login"|"$this->_eventManager->dispatch('customer_login', ['customer' => $customer]);"
"app/code/Magento/Customer/Model/Session.php"|"414"|"customer_data_object_login"|"$this->_eventManager->dispatch('customer_data_object_login', ['customer' => $this->getCustomerDataObject()]);"
"app/code/Magento/Customer/Model/Session.php"|"432"|"customer_login"|"$this->_eventManager->dispatch('customer_login', ['customer' => $customerModel]);"
"app/code/Magento/Customer/Model/Session.php"|"433"|"customer_data_object_login"|"$this->_eventManager->dispatch('customer_data_object_login', ['customer' => $customer]);"
"app/code/Magento/Customer/Model/Session.php"|"464"|"customer_logout"|"$this->_eventManager->dispatch('customer_logout', ['customer' => $this->getCustomer()]);"
"app/code/Magento/Customer/Model/Visitor.php"|"161"|"visitor_init"|"$this->_eventManager->dispatch('visitor_init', ['visitor' => $this]);"
"app/code/Magento/Customer/Model/Visitor.php"|"183"|"visitor_activity_save"|"$this->_eventManager->dispatch('visitor_activity_save', ['visitor' => $this]);"
"app/code/Magento/Eav/Block/Adminhtml/Attribute/Edit/Main/AbstractMain.php"|"275"|"adminhtml_block_eav_attribute_edit_form_init"|"$this->_eventManager->dispatch(
    'adminhtml_block_eav_attribute_edit_form_init',
    ['form' => $this->getForm()]);"
"app/code/Magento/Eav/Model/Entity/Collection/AbstractCollection.php"|"902"|"eav_collection_abstract_load_before"|"$this->_eventManager->dispatch('eav_collection_abstract_load_before', ['collection' => $this]);"
"app/code/Magento/GiftMessage/Block/Message/Inline.php"|"245"|"gift_options_prepare_items"|"$this->_eventManager->dispatch('gift_options_prepare_items', ['items' => $entityItems]);"
"app/code/Magento/GroupedProduct/Model/ResourceModel/Product/Indexer/Price/Grouped.php"|"114"|"catalog_product_prepare_index_select"|"$this->_eventManager->dispatch(
    'catalog_product_prepare_index_select',
    [
'select' => $select,
'entity_field' => new \Zend_Db_Expr('e.entity_id'),
'website_field' => new \Zend_Db_Expr('cw.website_id'),
'store_field' => new \Zend_Db_Expr('cs.store_id')
    ]);"
"app/code/Magento/Indexer/Model/Processor/InvalidateCache.php"|"54"|"clean_cache_after_reindex"|"$this->eventManager->dispatch('clean_cache_after_reindex', ['object' => $this->context]);"
"app/code/Magento/Multishipping/Controller/Checkout/ShippingPost.php"|"20"|"checkout_controller_multishipping_shipping_post"|"$this->_eventManager->dispatch(
    'checkout_controller_multishipping_shipping_post',
    ['request' => $this->getRequest(), 'quote' => $this->_getCheckout()->getQuote()]);"
"app/code/Magento/Multishipping/Controller/Checkout/Success.php"|"27"|"multishipping_checkout_controller_success_action"|"$this->_eventManager->dispatch('multishipping_checkout_controller_success_action', ['order_ids' => $ids]);"
"app/code/Magento/Multishipping/Model/Checkout/Type/Multishipping.php"|"428"|"checkout_type_multishipping_set_shipping_items"|"$this->_eventManager->dispatch('checkout_type_multishipping_set_shipping_items', ['quote' => $quote]);"
"app/code/Magento/Multishipping/Model/Checkout/Type/Multishipping.php"|"697"|"checkout_type_multishipping_create_orders_single"|"$this->_eventManager->dispatch(
    'checkout_type_multishipping_create_orders_single',
    ['order' => $order, 'address' => $address, 'quote' => $this->getQuote()]);"
"app/code/Magento/Multishipping/Model/Checkout/Type/Multishipping.php"|"718"|"checkout_submit_all_after"|"$this->_eventManager->dispatch(
    'checkout_submit_all_after',
    ['orders' => $orders, 'quote' => $this->getQuote()]);"
"app/code/Magento/Multishipping/Model/Checkout/Type/Multishipping.php"|"725"|"checkout_multishipping_refund_all"|"$this->_eventManager->dispatch('checkout_multishipping_refund_all', ['orders' => $orders]);"
"app/code/Magento/PageCache/Model/Cache/Type.php"|"48"|"adminhtml_cache_refresh_type"|"$this->eventManager->dispatch('adminhtml_cache_refresh_type');"
"app/code/Magento/PageCache/Model/Layout/DepersonalizePlugin.php"|"55"|"depersonalize_clear_session"|"$this->eventManager->dispatch('depersonalize_clear_session');"
"app/code/Magento/Payment/Block/Form/Cc.php"|"148"|"payment_form_block_to_html_before"|"$this->_eventManager->dispatch('payment_form_block_to_html_before', ['block' => $this]);"
"app/code/Magento/Payment/Model/Cart.php"|"309"|"payment_cart_collect_items_and_amounts"|"$this->_eventManager->dispatch('payment_cart_collect_items_and_amounts', ['cart' => $this]);"
"app/code/Magento/Payment/Model/Method/AbstractMethod.php"|"792"|"payment_method_is_active"|"$this->_eventManager->dispatch(
    'payment_method_is_active',
    [
'result' => $checkResult,
'method_instance' => $this,
'quote' => $quote
    ]);"
"app/code/Magento/Payment/Model/Method/Adapter.php"|"274"|"payment_method_is_active"|"$this->eventManager->dispatch(
    'payment_method_is_active',
    [
'result' => $checkResult,
'method_instance' => $this,
'quote' => $quote
    ]);"
"app/code/Magento/Payment/Model/Method/Adapter.php"|"607"|"payment_method_assign_data_"|"$this->eventManager->dispatch(
    'payment_method_assign_data_' . $this->getCode(),
    [
'method' => $this,
'data' => $data
    ]);"
"app/code/Magento/Paypal/Controller/Express/AbstractExpress/PlaceOrder.php"|"92"|"paypal_express_place_order_success"|"$this->_eventManager->dispatch(
    'paypal_express_place_order_success',
    [
        'order' => $order,
        'quote' => $this->_getQuote()
    ]);"
"app/code/Magento/Persistent/Controller/Index/UnsetCookie.php"|"36"|"persistent_session_expired"|"$this->_eventManager->dispatch('persistent_session_expired');"
"app/code/Magento/Persistent/Observer/CheckExpirePersistentQuoteObserver.php"|"96"|"persistent_session_expired"|"$this->_eventManager->dispatch('persistent_session_expired');"
"app/code/Magento/Quote/Model/Cart/Totals/ItemConverter.php"|"68"|"items_additional_data"|"$this->eventManager->dispatch('items_additional_data', ['item' => $item]);"
"app/code/Magento/Quote/Model/Quote/Address/ToOrder.php"|"83"|"sales_convert_quote_to_order"|"$this->eventManager->dispatch(
    'sales_convert_quote_to_order',
    ['order' => $order, 'quote' => $object->getQuote()]);"
"app/code/Magento/Quote/Model/Quote/Item.php"|"342"|"sales_quote_item_qty_set_after"|"$this->_eventManager->dispatch('sales_quote_item_qty_set_after', ['item' => $this]);"
"app/code/Magento/Quote/Model/Quote/Item.php"|"429"|"sales_quote_item_set_product"|"$this->_eventManager->dispatch(
    'sales_quote_item_set_product',
    ['product' => $product, 'quote_item' => $this]);"
"app/code/Magento/Quote/Model/Quote/Payment.php"|"150"|"_import_data_before"|"$this->_eventManager->dispatch(
    $this->_eventPrefix . '_import_data_before',
    [$this->_eventObject => $this, 'input' => $data]);"
"app/code/Magento/Quote/Model/Quote/TotalsCollector.php"|"126"|"sales_quote_collect_totals_before"|"$this->eventManager->dispatch(
    'sales_quote_collect_totals_before',
    ['quote' => $quote]);"
"app/code/Magento/Quote/Model/Quote/TotalsCollector.php"|"167"|"sales_quote_collect_totals_after"|"$this->eventManager->dispatch(
    'sales_quote_collect_totals_after',
    ['quote' => $quote]);"
"app/code/Magento/Quote/Model/Quote/TotalsCollector.php"|"254"|"sales_quote_address_collect_totals_before"|"$this->eventManager->dispatch(
    'sales_quote_address_collect_totals_before',
    [
'quote' => $quote,
'shipping_assignment' => $shippingAssignment,
'total' => $total
    ]);"
"app/code/Magento/Quote/Model/Quote/TotalsCollector.php"|"268"|"sales_quote_address_collect_totals_after"|"$this->eventManager->dispatch(
    'sales_quote_address_collect_totals_after',
    [
'quote' => $quote,
'shipping_assignment' => $shippingAssignment,
'total' => $total
    ]);"
"app/code/Magento/Quote/Model/Quote.php"|"1504"|"sales_quote_remove_item"|"$this->_eventManager->dispatch('sales_quote_remove_item', ['quote_item' => $item]);"
"app/code/Magento/Quote/Model/Quote.php"|"1539"|"sales_quote_add_item"|"$this->_eventManager->dispatch('sales_quote_add_item', ['quote_item' => $item]);"
"app/code/Magento/Quote/Model/Quote.php"|"1631"|"sales_quote_product_add_after"|"$this->_eventManager->dispatch('sales_quote_product_add_after', ['items' => $items]);"
"app/code/Magento/Quote/Model/Quote.php"|"2292"|"_merge_before"|"$this->_eventManager->dispatch(
    $this->_eventPrefix . '_merge_before',
    [$this->_eventObject => $this, 'source' => $quote]);"
"app/code/Magento/Quote/Model/Quote.php"|"2332"|"_merge_after"|"$this->_eventManager->dispatch(
    $this->_eventPrefix . '_merge_after',
    [$this->_eventObject => $this, 'source' => $quote]);"
"app/code/Magento/Quote/Model/QuoteManagement.php"|"352"|"checkout_submit_before"|"$this->eventManager->dispatch('checkout_submit_before', ['quote' => $quote]);"
"app/code/Magento/Quote/Model/QuoteManagement.php"|"366"|"checkout_submit_all_after"|"$this->eventManager->dispatch('checkout_submit_all_after', ['order' => $order, 'quote' => $quote]);"
"app/code/Magento/Quote/Model/QuoteManagement.php"|"483"|"sales_model_service_quote_submit_before"|"$this->eventManager->dispatch(
    'sales_model_service_quote_submit_before',
    [
'order' => $order,
'quote' => $quote
    ]);"
"app/code/Magento/Quote/Model/QuoteManagement.php"|"493"|"sales_model_service_quote_submit_success"|"$this->eventManager->dispatch(
    'sales_model_service_quote_submit_success',
    [
        'order' => $order,
        'quote' => $quote
    ]);"
"app/code/Magento/Quote/Model/QuoteManagement.php"|"502"|"sales_model_service_quote_submit_failure"|"$this->eventManager->dispatch(
    'sales_model_service_quote_submit_failure',
    [
        'order'     => $order,
        'quote'     => $quote,
        'exception' => $e
    ]);"
"app/code/Magento/Quote/Model/ResourceModel/Quote/Address/Collection.php"|"61"|"_load_after"|"$this->_eventManager->dispatch($this->_eventPrefix . '_load_after', [$this->_eventObject => $this]);"
"app/code/Magento/Quote/Model/ResourceModel/Quote/Item/Collection.php"|"216"|"prepare_catalog_product_collection_prices"|"$this->_eventManager->dispatch(
    'prepare_catalog_product_collection_prices',
    ['collection' => $productCollection, 'store_id' => $this->getStoreId()]);"
"app/code/Magento/Quote/Model/ResourceModel/Quote/Item/Collection.php"|"220"|"sales_quote_item_collection_products_after_load"|"$this->_eventManager->dispatch(
    'sales_quote_item_collection_products_after_load',
    ['collection' => $productCollection]);"
"app/code/Magento/Reports/Block/Adminhtml/Grid.php"|"143"|"adminhtml_widget_grid_filter_collection"|"$this->_eventManager->dispatch(
    'adminhtml_widget_grid_filter_collection',
    ['collection' => $this->getCollection(), 'filter_values' => $this->_filterValues]);"
"app/code/Magento/Reports/Model/ResourceModel/Order/Collection.php"|"190"|"sales_prepare_amount_expression"|"$this->_eventManager->dispatch(
    'sales_prepare_amount_expression',
    ['collection' => $this, 'expression_object' => $expressionTransferObject]);"
"app/code/Magento/Review/Controller/Product.php"|"179"|"review_controller_product_init_before"|"$this->_eventManager->dispatch('review_controller_product_init_before', ['controller_action' => $this]);"
"app/code/Magento/Review/Controller/Product.php"|"194"|"review_controller_product_init"|"$this->_eventManager->dispatch('review_controller_product_init', ['product' => $product]);"
"app/code/Magento/Review/Controller/Product.php"|"195"|"review_controller_product_init_after"|"$this->_eventManager->dispatch(
    'review_controller_product_init_after',
    ['product' => $product, 'controller_action' => $this]);"
"app/code/Magento/Review/Model/ResourceModel/Rating/Collection.php"|"282"|"rating_rating_collection_load_before"|"$this->_eventManager->dispatch('rating_rating_collection_load_before', ['collection' => $this]);"
"app/code/Magento/Review/Model/ResourceModel/Review/Collection.php"|"289"|"review_review_collection_load_before"|"$this->_eventManager->dispatch('review_review_collection_load_before', ['collection' => $this]);"
"app/code/Magento/Review/Model/Rss.php"|"50"|"rss_catalog_review_collection_select"|"$this->eventManager->dispatch('rss_catalog_review_collection_select', ['collection' => $collection]);"
"app/code/Magento/Sales/Block/Adminhtml/Reorder/Renderer/Action.php"|"59"|"adminhtml_customer_orders_add_action_renderer"|"$this->_eventManager->dispatch(
    'adminhtml_customer_orders_add_action_renderer',
    ['renderer' => $this, 'row' => $row]);"
"app/code/Magento/Sales/Controller/Adminhtml/Order/AddressSave.php"|"27"|"admin_sales_order_address_update"|"$this->_eventManager->dispatch(
    'admin_sales_order_address_update',
    [
        'order_id' => $address->getParentId()
    ]);"
"app/code/Magento/Sales/Controller/Adminhtml/Order/Create.php"|"154"|"adminhtml_sales_order_create_process_data_before"|"$this->_eventManager->dispatch('adminhtml_sales_order_create_process_data_before', $eventData);"
"app/code/Magento/Sales/Controller/Adminhtml/Order/Create.php"|"267"|"adminhtml_sales_order_create_process_data"|"$this->_eventManager->dispatch('adminhtml_sales_order_create_process_data', $eventData);"
"app/code/Magento/Sales/Controller/Adminhtml/Order/CreditmemoLoader.php"|"234"|"adminhtml_sales_order_creditmemo_register_before"|"$this->eventManager->dispatch(
    'adminhtml_sales_order_creditmemo_register_before',
    ['creditmemo' => $creditmemo, 'input' => $this->getCreditmemo()]);"
"app/code/Magento/Sales/Model/AdminOrder/Create.php"|"534"|"sales_convert_order_to_quote"|"$this->_eventManager->dispatch('sales_convert_order_to_quote', ['order' => $order, 'quote' => $quote]);"
"app/code/Magento/Sales/Model/AdminOrder/Create.php"|"643"|"sales_convert_order_item_to_quote_item"|"$this->_eventManager->dispatch(
    'sales_convert_order_item_to_quote_item',
    ['order_item' => $orderItem, 'quote_item' => $item]);"
"app/code/Magento/Sales/Model/AdminOrder/Create.php"|"1884"|"checkout_submit_all_after"|"$this->_eventManager->dispatch('checkout_submit_all_after', ['order' => $order, 'quote' => $quote]);"
"app/code/Magento/Sales/Model/Config/Backend/Email/AsyncSending.php"|"30"|"_sales_email_general_async_sending_"|"$this->_eventManager->dispatch(
    $this->_eventPrefix . '_sales_email_general_async_sending_' . $state,
    $this->_getEventData());"
"app/code/Magento/Sales/Model/Config/Backend/Grid/AsyncIndexing.php"|"30"|"_dev_grid_async_indexing_"|"$this->_eventManager->dispatch(
    $this->_eventPrefix . '_dev_grid_async_indexing_' . $state,
    $this->_getEventData());"
"app/code/Magento/Sales/Model/Order/Address/Renderer.php"|"55"|"customer_address_format"|"$this->eventManager->dispatch('customer_address_format', ['type' => $formatType, 'address' => $address]);"
"app/code/Magento/Sales/Model/Order/Email/Sender/CreditmemoCommentSender.php"|"75"|"email_creditmemo_comment_set_template_vars_before"|"$this->eventManager->dispatch(
    'email_creditmemo_comment_set_template_vars_before',
    ['sender' => $this, 'transport' => $transport]);"
"app/code/Magento/Sales/Model/Order/Email/Sender/CreditmemoSender.php"|"117"|"email_creditmemo_set_template_vars_before"|"$this->eventManager->dispatch(
    'email_creditmemo_set_template_vars_before',
    ['sender' => $this, 'transport' => $transport]);"
"app/code/Magento/Sales/Model/Order/Email/Sender/InvoiceCommentSender.php"|"75"|"email_invoice_comment_set_template_vars_before"|"$this->eventManager->dispatch(
    'email_invoice_comment_set_template_vars_before',
    ['sender' => $this, 'transport' => $transport]);"
"app/code/Magento/Sales/Model/Order/Email/Sender/InvoiceSender.php"|"117"|"email_invoice_set_template_vars_before"|"$this->eventManager->dispatch(
    'email_invoice_set_template_vars_before',
    ['sender' => $this, 'transport' => $transport]);"
"app/code/Magento/Sales/Model/Order/Email/Sender/OrderCommentSender.php"|"72"|"email_order_comment_set_template_vars_before"|"$this->eventManager->dispatch(
    'email_order_comment_set_template_vars_before',
    ['sender' => $this, 'transport' => $transport]);"
"app/code/Magento/Sales/Model/Order/Email/Sender/OrderSender.php"|"131"|"email_order_set_template_vars_before"|"$this->eventManager->dispatch(
    'email_order_set_template_vars_before',
    ['sender' => $this, 'transport' => $transport]);"
"app/code/Magento/Sales/Model/Order/Email/Sender/ShipmentCommentSender.php"|"75"|"email_shipment_comment_set_template_vars_before"|"$this->eventManager->dispatch(
    'email_shipment_comment_set_template_vars_before',
    ['sender' => $this, 'transport' => $transport]);"
"app/code/Magento/Sales/Model/Order/Email/Sender/ShipmentSender.php"|"117"|"email_shipment_set_template_vars_before"|"$this->eventManager->dispatch(
    'email_shipment_set_template_vars_before',
    ['sender' => $this, 'transport' => $transport]);"
"app/code/Magento/Sales/Model/Order/Invoice.php"|"365"|"sales_order_invoice_pay"|"$this->_eventManager->dispatch('sales_order_invoice_pay', [$this->_eventObject => $this]);"
"app/code/Magento/Sales/Model/Order/Invoice.php"|"440"|"sales_order_invoice_cancel"|"$this->_eventManager->dispatch('sales_order_invoice_cancel', [$this->_eventObject => $this]);"
"app/code/Magento/Sales/Model/Order/Invoice.php"|"647"|"sales_order_invoice_register"|"$this->_eventManager->dispatch(
    'sales_order_invoice_register',
    [$this->_eventObject => $this, 'order' => $order]);"
"app/code/Magento/Sales/Model/Order/Item.php"|"399"|"sales_order_item_cancel"|"$this->_eventManager->dispatch('sales_order_item_cancel', ['item' => $this]);"
"app/code/Magento/Sales/Model/Order/Payment/Operations/CaptureOperation.php"|"48"|"sales_order_payment_capture"|"$this->eventManager->dispatch(
    'sales_order_payment_capture',
    ['payment' => $payment, 'invoice' => $invoice]);"
"app/code/Magento/Sales/Model/Order/Payment/Transaction.php"|"910"|"_html_txn_id"|"$this->_eventManager->dispatch($this->_eventPrefix . '_html_txn_id', $this->_getEventData());"
"app/code/Magento/Sales/Model/Order/Payment.php"|"305"|"sales_order_payment_place_start"|"$this->_eventManager->dispatch('sales_order_payment_place_start', ['payment' => $this]);"
"app/code/Magento/Sales/Model/Order/Payment.php"|"353"|"sales_order_payment_place_end"|"$this->_eventManager->dispatch('sales_order_payment_place_end', ['payment' => $this]);"
"app/code/Magento/Sales/Model/Order/Payment.php"|"482"|"sales_order_payment_pay"|"$this->_eventManager->dispatch('sales_order_payment_pay', ['payment' => $this, 'invoice' => $invoice]);"
"app/code/Magento/Sales/Model/Order/Payment.php"|"502"|"sales_order_payment_cancel_invoice"|"$this->_eventManager->dispatch(
    'sales_order_payment_cancel_invoice',
    ['payment' => $this, 'invoice' => $invoice]);"
"app/code/Magento/Sales/Model/Order/Payment.php"|"555"|"sales_order_payment_void"|"$this->_eventManager->dispatch('sales_order_payment_void', ['payment' => $this, 'invoice' => $document]);"
"app/code/Magento/Sales/Model/Order/Payment.php"|"684"|"sales_order_payment_refund"|"$this->_eventManager->dispatch(
    'sales_order_payment_refund',
    ['payment' => $this, 'creditmemo' => $creditmemo]);"
"app/code/Magento/Sales/Model/Order/Payment.php"|"789"|"sales_order_payment_cancel_creditmemo"|"$this->_eventManager->dispatch(
    'sales_order_payment_cancel_creditmemo',
    ['payment' => $this, 'creditmemo' => $creditmemo]);"
"app/code/Magento/Sales/Model/Order/Payment.php"|"817"|"sales_order_payment_cancel"|"$this->_eventManager->dispatch('sales_order_payment_cancel', ['payment' => $this]);"
"app/code/Magento/Sales/Model/Order/Status.php"|"114"|"sales_order_status_unassign"|"$this->_eventManager->dispatch(
    'sales_order_status_unassign',
    [
'status' => $this->getStatus(),
'state' => $state
    ]);"
"app/code/Magento/Sales/Model/Order.php"|"1059"|"sales_order_place_before"|"$this->_eventManager->dispatch('sales_order_place_before', ['order' => $this]);"
"app/code/Magento/Sales/Model/Order.php"|"1061"|"sales_order_place_after"|"$this->_eventManager->dispatch('sales_order_place_after', ['order' => $this]);"
"app/code/Magento/Sales/Model/Order.php"|"1111"|"order_cancel_after"|"$this->_eventManager->dispatch('order_cancel_after', ['order' => $this]);"
"app/code/Magento/Sales/Model/ResourceModel/Attribute.php"|"63"|"_save_attribute_before"|"$this->eventManager->dispatch(
    $object->getEventPrefix() . '_save_attribute_before',
    [
        $object->getEventObject() => $this,
        'object' => $object,
        'attribute' => $attribute
    ]);"
"app/code/Magento/Sales/Model/ResourceModel/Attribute.php"|"125"|"_save_attribute_after"|"$this->eventManager->dispatch(
    $object->getEventPrefix() . '_save_attribute_after',
    [
        $object->getEventObject() => $this,
        'object' => $object,
        'attribute' => $attribute
    ]);"
"app/code/Magento/Sales/Model/ResourceModel/Order/Address/Collection.php"|"48"|"_load_after"|"$this->_eventManager->dispatch($this->_eventPrefix . '_load_after', [$this->_eventObject => $this]);"
"app/code/Magento/Sales/Model/ResourceModel/Order/Collection/AbstractCollection.php"|"39"|"_set_sales_order"|"$this->_eventManager->dispatch(
    $this->_eventPrefix . '_set_sales_order',
    ['collection' => $this, $this->_eventObject => $this, 'order' => $order]);"
"app/code/Magento/Sales/Model/ResourceModel/Sale/Collection.php"|"166"|"sales_sale_collection_query_before"|"$this->_eventManager->dispatch('sales_sale_collection_query_before', ['collection' => $this]);"
"app/code/Magento/Sales/Model/Rss/NewOrder.php"|"114"|"rss_order_new_collection_select"|"$this->eventManager->dispatch('rss_order_new_collection_select', ['collection' => $collection]);"
"app/code/Magento/Sales/Model/Service/CreditmemoService.php"|"92"|"sales_order_creditmemo_cancel"|"$this->eventManager->dispatch('sales_order_creditmemo_cancel', ['creditmemo' => $creditmemo]);"
"app/code/Magento/Sales/Model/Service/CreditmemoService.php"|"151"|"sales_order_creditmemo_refund"|"$this->eventManager->dispatch('sales_order_creditmemo_refund', ['creditmemo' => $creditmemo]);"
"app/code/Magento/Sales/Model/Service/OrderService.php"|"242"|"sales_order_state_change_before"|"$this->eventManager->dispatch(
    'sales_order_state_change_before',
    ['order' => $this, 'transport' => $transport]);"
"app/code/Magento/SalesRule/Block/Adminhtml/Promo/Quote/Edit/Tab/Actions.php"|"192"|"adminhtml_block_salesrule_actions_prepareform"|"$this->_eventManager->dispatch('adminhtml_block_salesrule_actions_prepareform', ['form' => $form]);"
"app/code/Magento/SalesRule/Block/Adminhtml/Promo/Quote/Edit/Tab/Coupons/Form.php"|"162"|"adminhtml_promo_quote_edit_tab_coupons_form_prepare_form"|"$this->_eventManager->dispatch(
    'adminhtml_promo_quote_edit_tab_coupons_form_prepare_form',
    ['form' => $form]);"
"app/code/Magento/SalesRule/Block/Adminhtml/Promo/Quote/Edit/Tab/Main.php"|"349"|"adminhtml_promo_quote_edit_tab_main_prepare_form"|"$this->_eventManager->dispatch('adminhtml_promo_quote_edit_tab_main_prepare_form', ['form' => $form]);"
"app/code/Magento/SalesRule/Block/Adminhtml/Promo/Widget/Chooser.php"|"54"|"adminhtml_block_promo_widget_chooser_prepare_collection"|"$this->_eventManager->dispatch(
    'adminhtml_block_promo_widget_chooser_prepare_collection',
    ['collection' => $collection]);"
"app/code/Magento/SalesRule/Controller/Adminhtml/Promo/Quote/Save.php"|"24"|"adminhtml_controller_salesrule_prepare_save"|"$this->_eventManager->dispatch(
    'adminhtml_controller_salesrule_prepare_save',
    ['request' => $this->getRequest()]);"
"app/code/Magento/SalesRule/Model/Quote/Discount.php"|"111"|"sales_quote_address_discount_item"|"$this->eventManager->dispatch('sales_quote_address_discount_item', $eventArgs);"
"app/code/Magento/SalesRule/Model/Quote/Discount.php"|"118"|"sales_quote_address_discount_item"|"$this->eventManager->dispatch('sales_quote_address_discount_item', $eventArgs);"
"app/code/Magento/SalesRule/Model/Rule/Condition/Combine.php"|"77"|"salesrule_rule_condition_combine"|"$this->_eventManager->dispatch('salesrule_rule_condition_combine', ['additional' => $additional]);"
"app/code/Magento/SalesRule/Model/Rule.php"|"445"|"salesrule_rule_get_coupon_types"|"$this->_eventManager->dispatch('salesrule_rule_get_coupon_types', ['transport' => $transport]);"
"app/code/Magento/SalesRule/Model/RulesApplier.php"|"216"|"salesrule_validator_process"|"$this->_eventManager->dispatch(
    'salesrule_validator_process',
    [
'rule' => $rule,
'item' => $item,
'address' => $address,
'quote' => $quote,
'qty' => $qty,
'result' => $discountData
    ]);"
"app/code/Magento/Search/Controller/Adminhtml/Term/Report.php"|"20"|"on_view_report"|"$this->_eventManager->dispatch('on_view_report', ['report' => 'search']);"
"app/code/Magento/SendFriend/Controller/Product/Send.php"|"68"|"sendfriend_product"|"$this->_eventManager->dispatch('sendfriend_product', ['product' => $product]);"
"app/code/Magento/Store/Model/Address/Renderer.php"|"51"|"store_address_format"|"$this->eventManager->dispatch('store_address_format', ['type' => $type, 'store_info' => $storeInfo]);"
"app/code/Magento/Swatches/Controller/Adminhtml/Iframe/Show.php"|"86"|"swatch_gallery_upload_image_after"|"$this->_eventManager->dispatch(
    'swatch_gallery_upload_image_after',
    ['result' => $result, 'action' => $this]);"
"app/code/Magento/Tax/Controller/Adminhtml/Tax/IgnoreTaxNotification.php"|"55"|"adminhtml_cache_refresh_type"|"$this->_eventManager->dispatch('adminhtml_cache_refresh_type', ['type' => 'block_html']);"
"app/code/Magento/Tax/Model/Calculation/Rate.php"|"196"|"tax_settings_change_after"|"$this->_eventManager->dispatch('tax_settings_change_after');"
"app/code/Magento/Tax/Model/Calculation/Rate.php"|"224"|"tax_settings_change_after"|"$this->_eventManager->dispatch('tax_settings_change_after');"
"app/code/Magento/Tax/Model/Calculation/Rate.php"|"293"|"tax_settings_change_after"|"$this->_eventManager->dispatch('tax_settings_change_after');"
"app/code/Magento/Tax/Model/Calculation/Rule.php"|"115"|"tax_settings_change_after"|"$this->_eventManager->dispatch('tax_settings_change_after');"
"app/code/Magento/Tax/Model/Calculation/Rule.php"|"127"|"tax_settings_change_after"|"$this->_eventManager->dispatch('tax_settings_change_after');"
"app/code/Magento/Tax/Model/Calculation.php"|"368"|"tax_rate_data_fetch"|"$this->_eventManager->dispatch('tax_rate_data_fetch', ['request' => $request, 'sender' => $this]);"
"app/code/Magento/Theme/Block/Html/Topmenu.php"|"72"|"page_block_html_topmenu_gethtml_before"|"$this->_eventManager->dispatch(
    'page_block_html_topmenu_gethtml_before',
    ['menu' => $this->_menu, 'block' => $this]);"
"app/code/Magento/Theme/Block/Html/Topmenu.php"|"83"|"page_block_html_topmenu_gethtml_after"|"$this->_eventManager->dispatch(
    'page_block_html_topmenu_gethtml_after',
    ['menu' => $this->_menu, 'transportObject' => $transportObject]);"
"app/code/Magento/Theme/Model/Config.php"|"100"|"assign_theme_to_stores_after"|"$this->_eventManager->dispatch(
    'assign_theme_to_stores_after',
    ['stores' => $stores, 'scope' => $scope, 'theme' => $theme]);"
"app/code/Magento/Theme/Observer/CheckThemeIsAssignedObserver.php"|"49"|"assigned_theme_changed"|"$this->eventDispatcher->dispatch('assigned_theme_changed', ['theme' => $theme]);"
"app/code/Magento/Theme/Setup/InstallData.php"|"54"|"theme_registration_from_filesystem"|"$setup->getEventManager()->dispatch('theme_registration_from_filesystem');"
"app/code/Magento/User/Block/Role.php"|"71"|"permissions_role_html_before"|"$this->_eventManager->dispatch('permissions_role_html_before', ['block' => $this]);"
"app/code/Magento/User/Controller/Adminhtml/User/Role/SaveRole.php"|"90"|"admin_permissions_role_prepare_save"|"$this->_eventManager->dispatch(
    'admin_permissions_role_prepare_save',
    ['object' => $role, 'request' => $this->getRequest()]);"
"app/code/Magento/User/Model/User.php"|"456"|"admin_user_authenticate_before"|"$this->_eventManager->dispatch(
    'admin_user_authenticate_before',
    ['username' => $username, 'user' => $this]);"
"app/code/Magento/User/Model/User.php"|"466"|"admin_user_authenticate_after"|"$this->_eventManager->dispatch(
    'admin_user_authenticate_after',
    ['username' => $username, 'password' => $password, 'user' => $this, 'result' => $result]);"
"app/code/Magento/Wishlist/Block/Customer/Wishlist/Item/Options.php"|"61"|"product_option_renderer_init"|"$this->_eventManager->dispatch('product_option_renderer_init', ['block' => $this]);"
"app/code/Magento/Wishlist/Controller/Index/Add.php"|"106"|"wishlist_add_product"|"$this->_eventManager->dispatch(
    'wishlist_add_product',
    ['wishlist' => $wishlist, 'product' => $product, 'item' => $result]);"
"app/code/Magento/Wishlist/Controller/Index/Send.php"|"232"|"wishlist_share"|"$this->_eventManager->dispatch('wishlist_share', ['wishlist' => $wishlist]);"
"app/code/Magento/Wishlist/Controller/Index/UpdateItemOptions.php"|"91"|"wishlist_update_item"|"$this->_eventManager->dispatch(
    'wishlist_update_item',
    ['wishlist' => $wishlist, 'product' => $product, 'item' => $wishlist->getItem($id)]);"
"app/code/Magento/Wishlist/Helper/Data.php"|"580"|"wishlist_items_renewed"|"$this->_eventManager->dispatch('wishlist_items_renewed');"
"app/code/Magento/Wishlist/Model/ResourceModel/Item/Collection.php"|"278"|"wishlist_item_collection_products_after_load"|"$this->_eventManager->dispatch(
    'wishlist_item_collection_products_after_load',
    ['product_collection' => $productCollection]);"
"app/code/Magento/Wishlist/Model/Rss/Wishlist.php"|"144"|"rss_wishlist_xml_callback"|"$this->eventManager->dispatch('rss_wishlist_xml_callback', $args);"
"app/code/Magento/Wishlist/Model/Wishlist.php"|"360"|"wishlist_add_item"|"$this->_eventManager->dispatch('wishlist_add_item', ['item' => $item]);"
"app/code/Magento/Wishlist/Model/Wishlist.php"|"450"|"wishlist_product_add_after"|"$this->_eventManager->dispatch('wishlist_product_add_after', ['items' => $items]);"
