"lib/web/mage/adminhtml/form.js"|"22"|"formSubmit"|"varienGlobalEvents.fireEvent('formSubmit', $(e.target).attr('id'));"
"lib/web/mage/adminhtml/form.js"|"325"|"address_country_changed"|"varienGlobalEvents.fireEvent('address_country_changed', this.countryEl);"
"lib/web/mage/adminhtml/grid.js"|"193"|"gridRowClick"|"varienGlobalEvents.fireEvent('gridRowClick', event);"
"lib/web/mage/adminhtml/grid.js"|"200"|"gridRowDblClick"|"varienGlobalEvents.fireEvent('gridRowDblClick', event);"
"lib/web/mage/adminhtml/wysiwyg/tiny_mce/setup.js"|"135"|"tinymceSubmit"|"varienGlobalEvents.fireEvent('tinymceSubmit', e);"
"lib/web/mage/adminhtml/wysiwyg/tiny_mce/setup.js"|"139"|"tinymcePaste"|"varienGlobalEvents.fireEvent('tinymcePaste', o);"
"lib/web/mage/adminhtml/wysiwyg/tiny_mce/setup.js"|"143"|"tinymceBeforeSetContent"|"varienGlobalEvents.fireEvent('tinymceBeforeSetContent', o);"
"lib/web/mage/adminhtml/wysiwyg/tiny_mce/setup.js"|"147"|"tinymceSetContent"|"varienGlobalEvents.fireEvent('tinymceSetContent', o);"
"lib/web/mage/adminhtml/wysiwyg/tiny_mce/setup.js"|"151"|"tinymceSaveContent"|"varienGlobalEvents.fireEvent('tinymceSaveContent', o);"
"lib/web/mage/adminhtml/wysiwyg/tiny_mce/setup.js"|"159"|"tinymceChange"|"varienGlobalEvents.fireEvent('tinymceChange', l);"
"lib/web/mage/adminhtml/wysiwyg/tiny_mce/setup.js"|"166"|"tinymceExecCommand"|"varienGlobalEvents.fireEvent('tinymceExecCommand', cmd);"
"lib/web/mage/adminhtml/wysiwyg/tiny_mce/setup.js"|"189"|"open_browser_callback"|"varienGlobalEvents.fireEvent('open_browser_callback', {
    win"
"lib/web/mage/adminhtml/wysiwyg/widget.js"|"386"|"tinymceChange"|"varienGlobalEvents.fireEvent('tinymceChange');"
